,0,1,2,3,4,5,6,7,8,9,10,11,12,13,14,15,16,17,18,19,20,21,22,23,24,25,26,27,28,29,30,31,32,33,0,1,2,3,4,5,6,7,8,9,10,11,12,13,14,15,16,17,18,19,20,21,22,23,24,25,26,27,28,29,30,31,32,33
0,32.5409824774132,172.99017447950433,27.90132943147458,176.636097753691,27.565578508080904,179.7577195306042,30.931105050981415,190.4774254486274,31.032382325356053,188.29228159797637,55.34992345963946,198.4140382188979,54.08379124706577,210.08256560836097,86.01423448361226,206.65034120805035,87.59726409438234,190.89970352046223,107.4962311264891,179.16530338065752,101.30000153535642,170.86537780603433,112.32524156274263,193.60341432183608,114.68858318447327,190.05078406749425,155.84561259109782,187.41975934080068,156.6937336655137,182.20725947494824,193.3947375279776,185.93345831043987,193.2297189368965,187.34128656229043,50.7882103653428,65.30872737520463,46.86483487135135,52.31081111797159,49.30809234240041,55.1413904562036,45.732316673172186,52.275455712282806,49.295862991617334,50.22950087741203,65.78652789429849,40.84115513132816,71.88526692597763,39.19790992103672,84.61836451180973,45.77819932249077,107.32539675694815,36.2251756596862,110.31760927757121,60.34694032154637,116.93390294779903,53.64676526176484,130.34956208223142,48.67476984079448,129.04892342135034,39.88317945488261,160.8931695496814,59.66771345811266,164.4018588332656,44.696983741032135,204.62298869494327,24.625221838100323,206.48347127215465,25.52470114616932
0,32.5409824774132,172.99017447950433,27.90132943147458,176.636097753691,27.565578508080904,179.7577195306042,30.931105050981415,190.4774254486274,31.032382325356053,188.29228159797637,55.34992345963946,198.4140382188979,54.08379124706577,210.08256560836097,86.01423448361226,206.65034120805035,87.59726409438234,190.89970352046223,107.4962311264891,179.16530338065752,101.30000153535642,170.86537780603433,112.32524156274263,193.60341432183608,114.68858318447327,190.05078406749425,155.84561259109782,187.41975934080068,156.6937336655137,182.20725947494824,193.3947375279776,185.93345831043987,193.2297189368965,187.34128656229043,50.7882103653428,65.30872737520463,46.86483487135135,52.31081111797159,49.30809234240041,55.1413904562036,45.732316673172186,52.275455712282806,49.295862991617334,50.22950087741203,65.78652789429849,40.84115513132816,71.88526692597763,39.19790992103672,84.61836451180973,45.77819932249077,107.32539675694815,36.2251756596862,110.31760927757121,60.34694032154637,116.93390294779903,53.64676526176484,130.34956208223142,48.67476984079448,129.04892342135034,39.88317945488261,160.8931695496814,59.66771345811266,164.4018588332656,44.696983741032135,204.62298869494327,24.625221838100323,206.48347127215465,25.52470114616932
0,32.5409824774132,172.99017447950433,27.90132943147458,176.636097753691,27.565578508080904,179.7577195306042,30.931105050981415,190.4774254486274,31.032382325356053,188.29228159797637,55.34992345963946,198.4140382188979,54.08379124706577,210.08256560836097,86.01423448361226,206.65034120805035,87.59726409438234,190.89970352046223,107.4962311264891,179.16530338065752,101.30000153535642,170.86537780603433,112.32524156274263,193.60341432183608,114.68858318447327,190.05078406749425,155.84561259109782,187.41975934080068,156.6937336655137,182.20725947494824,193.3947375279776,185.93345831043987,193.2297189368965,187.34128656229043,50.7882103653428,65.30872737520463,46.86483487135135,52.31081111797159,49.30809234240041,55.1413904562036,45.732316673172186,52.275455712282806,49.295862991617334,50.22950087741203,65.78652789429849,40.84115513132816,71.88526692597763,39.19790992103672,84.61836451180973,45.77819932249077,107.32539675694815,36.2251756596862,110.31760927757121,60.34694032154637,116.93390294779903,53.64676526176484,130.34956208223142,48.67476984079448,129.04892342135034,39.88317945488261,160.8931695496814,59.66771345811266,164.4018588332656,44.696983741032135,204.62298869494327,24.625221838100323,206.48347127215465,25.52470114616932
0,32.5409824774132,172.99017447950433,27.90132943147458,176.636097753691,27.565578508080904,179.7577195306042,30.931105050981415,190.4774254486274,31.032382325356053,188.29228159797637,55.34992345963946,198.4140382188979,54.08379124706577,210.08256560836097,86.01423448361226,206.65034120805035,87.59726409438234,190.89970352046223,107.4962311264891,179.16530338065752,101.30000153535642,170.86537780603433,112.32524156274263,193.60341432183608,114.68858318447327,190.05078406749425,155.84561259109782,187.41975934080068,156.6937336655137,182.20725947494824,193.3947375279776,185.93345831043987,193.2297189368965,187.34128656229043,50.7882103653428,65.30872737520463,46.86483487135135,52.31081111797159,49.30809234240041,55.1413904562036,45.732316673172186,52.275455712282806,49.295862991617334,50.22950087741203,65.78652789429849,40.84115513132816,71.88526692597763,39.19790992103672,84.61836451180973,45.77819932249077,107.32539675694815,36.2251756596862,110.31760927757121,60.34694032154637,116.93390294779903,53.64676526176484,130.34956208223142,48.67476984079448,129.04892342135034,39.88317945488261,160.8931695496814,59.66771345811266,164.4018588332656,44.696983741032135,204.62298869494327,24.625221838100323,206.48347127215465,25.52470114616932
0,32.5409824774132,172.99017447950433,27.90132943147458,176.636097753691,27.565578508080904,179.7577195306042,30.931105050981415,190.4774254486274,31.032382325356053,188.29228159797637,55.34992345963946,198.4140382188979,54.08379124706577,210.08256560836097,86.01423448361226,206.65034120805035,87.59726409438234,190.89970352046223,107.4962311264891,179.16530338065752,101.30000153535642,170.86537780603433,112.32524156274263,193.60341432183608,114.68858318447327,190.05078406749425,155.84561259109782,187.41975934080068,156.6937336655137,182.20725947494824,193.3947375279776,185.93345831043987,193.2297189368965,187.34128656229043,50.7882103653428,65.30872737520463,46.86483487135135,52.31081111797159,49.30809234240041,55.1413904562036,45.732316673172186,52.275455712282806,49.295862991617334,50.22950087741203,65.78652789429849,40.84115513132816,71.88526692597763,39.19790992103672,84.61836451180973,45.77819932249077,107.32539675694815,36.2251756596862,110.31760927757121,60.34694032154637,116.93390294779903,53.64676526176484,130.34956208223142,48.67476984079448,129.04892342135034,39.88317945488261,160.8931695496814,59.66771345811266,164.4018588332656,44.696983741032135,204.62298869494327,24.625221838100323,206.48347127215465,25.52470114616932
0,32.61223126050108,172.88768456486744,27.938597756142943,176.61946044225417,27.540532663001777,179.64450690558343,31.010931145330396,190.47636440087155,31.089809014930488,187.98921372188076,55.419591868145865,198.34198405633822,54.13901022206182,210.34737999310633,85.7879330889779,207.34974725810324,87.33442203450647,190.9765836945213,107.43860792077106,179.49558737268092,101.1166258628324,170.8603769041196,112.30840988633055,194.06521590616694,114.66860999824098,189.67868336404507,155.39111197809257,187.45013432878676,156.2874495938698,182.1740846910912,193.12293096506818,185.91347449844804,192.94128271067365,187.2814430557346,50.729961880986,65.27683121930514,46.80816439960314,52.43487452273547,49.24110885288405,55.15599036315665,45.65797447862092,52.16594814759567,49.30628109570616,50.332434903536594,65.66838596178138,41.17455237930741,71.80800035133124,39.00047241305909,85.28570859920904,45.68455376763561,107.12598096954157,36.32568325343468,110.34668542139279,60.49928708689836,117.59004905060952,53.87159584172039,130.4812704998514,48.93091544471836,129.03343437621314,39.871094114058245,160.93383396190146,60.02632487760045,164.37586167140037,44.78986569954647,204.64478309110086,24.663244666894936,206.51921247399372,25.505390214722187
0,32.61223126050108,172.88768456486744,27.938597756142943,176.61946044225417,27.540532663001777,179.64450690558343,31.010931145330396,190.47636440087155,31.089809014930488,187.98921372188076,55.419591868145865,198.34198405633822,54.13901022206182,210.34737999310633,85.7879330889779,207.34974725810324,87.33442203450647,190.9765836945213,107.43860792077106,179.49558737268092,101.1166258628324,170.8603769041196,112.30840988633055,194.06521590616694,114.66860999824098,189.67868336404507,155.39111197809257,187.45013432878676,156.2874495938698,182.1740846910912,193.12293096506818,185.91347449844804,192.94128271067365,187.2814430557346,50.729961880986,65.27683121930514,46.80816439960314,52.43487452273547,49.24110885288405,55.15599036315665,45.65797447862092,52.16594814759567,49.30628109570616,50.332434903536594,65.66838596178138,41.17455237930741,71.80800035133124,39.00047241305909,85.28570859920904,45.68455376763561,107.12598096954157,36.32568325343468,110.34668542139279,60.49928708689836,117.59004905060952,53.87159584172039,130.4812704998514,48.93091544471836,129.03343437621314,39.871094114058245,160.93383396190146,60.02632487760045,164.37586167140037,44.78986569954647,204.64478309110086,24.663244666894936,206.51921247399372,25.505390214722187
0,32.65846340108362,172.96615252356312,28.06153200279852,176.68994885361542,27.627305534315408,179.69213700195564,31.111901277340717,190.55013028615738,31.1612206453122,187.88886587055887,55.39191882210489,198.43801266523812,54.15466211449286,210.38412488248832,85.76225337626771,207.62542137367598,87.32707810253831,190.8880863901985,107.50582331307928,179.78118996204677,101.0305160617236,170.97672516280684,112.18344210986025,194.1617981052003,114.56828232285399,189.49492999824744,155.46125999592846,187.74926854762793,156.3676350516562,182.19587369578508,193.1693527506005,185.908084568641,193.01523874413152,187.04118597062296,50.757160814652536,65.24637274524483,46.86596243425926,52.384551527094544,49.26050417171502,55.16800134112726,45.649878150928096,52.14344374470691,49.21916535182029,50.28994135243269,65.69083002931583,41.07636896901111,71.72029849461147,39.01819693695955,85.4812820150245,45.62898578089797,107.14593491643112,36.35403822269677,110.26904093108563,60.42883861114375,117.48146220023588,54.11537517848351,130.4208397243334,48.86190706071022,129.09107132431885,39.8018705597557,160.9219206860347,59.98346295495251,164.38955115087285,44.824897489112445,204.66642013691967,24.67985374798913,206.55479701261345,25.493441205796366
0,32.67880488330533,172.8684356024651,27.971433473669965,176.5831823863429,27.58388920896542,179.61835046032158,31.02372668248526,190.46689002246777,31.107876131993645,188.08234837638886,55.47908403858635,198.3359324348418,54.315231607567455,210.5711915265475,85.87741664625844,207.07434305214784,87.39005396825186,191.1078781982675,107.54879026235261,179.31577007404502,101.18885310392203,170.88671374815627,112.50412072602266,193.87566086068688,114.78233100464625,189.88820483575716,155.3748458009329,187.42839472719248,156.27859640417634,182.15745805210096,193.1572841857531,185.82524779228748,192.98801369992844,187.17437775995722,50.75832891760406,65.2540789402372,46.844360775088674,52.387542566323184,49.23306165422712,55.16069174802155,45.64208072016699,52.147949582808245,49.221474072948006,50.27424803611154,65.67980726016975,41.06358785352271,71.71285286897458,39.00931883847565,85.37373683763587,45.6655864201146,107.14385844165494,36.35948599027895,110.2847361120378,60.398688605217515,117.50520732832251,54.07246230350985,130.4130656556313,48.94900248753085,129.08340856895686,39.780215821325534,160.89706689082317,60.30175111699401,164.37956799335362,44.869152338178324,204.65180613831706,24.710879583081763,206.583253718311,25.48641116193716
0,32.67880488330533,172.8684356024651,27.971433473669965,176.5831823863429,27.58388920896542,179.61835046032158,31.02372668248526,190.46689002246777,31.107876131993645,188.08234837638886,55.47908403858635,198.3359324348418,54.315231607567455,210.5711915265475,85.87741664625844,207.07434305214784,87.39005396825186,191.1078781982675,107.54879026235261,179.31577007404502,101.18885310392203,170.88671374815627,112.50412072602266,193.87566086068688,114.78233100464625,189.88820483575716,155.3748458009329,187.42839472719248,156.27859640417634,182.15745805210096,193.1572841857531,185.82524779228748,192.98801369992844,187.17437775995722,50.75832891760406,65.2540789402372,46.844360775088674,52.387542566323184,49.23306165422712,55.16069174802155,45.64208072016699,52.147949582808245,49.221474072948006,50.27424803611154,65.67980726016975,41.06358785352271,71.71285286897458,39.00931883847565,85.37373683763587,45.6655864201146,107.14385844165494,36.35948599027895,110.2847361120378,60.398688605217515,117.50520732832251,54.07246230350985,130.4130656556313,48.94900248753085,129.08340856895686,39.780215821325534,160.89706689082317,60.30175111699401,164.37956799335362,44.869152338178324,204.65180613831706,24.710879583081763,206.583253718311,25.48641116193716
0,32.622858248882416,172.82297924247518,27.979917336694943,176.5683690304578,27.56109642834397,179.48286340642272,31.033548366949425,190.32896069965915,31.098421369280135,187.76160555162866,55.424913607769135,198.28907626298454,54.107436399282136,210.61235274318838,85.75414742890352,207.33175971003487,87.35845197357747,190.79011470747193,107.60661685540809,179.5799499646262,101.03886456223009,170.99649673082027,112.24634926363548,194.095118035914,114.59716607324826,189.47855089116393,155.45407547565722,187.92418478336572,156.35162448290714,182.1193395155594,193.1734837123326,185.97512621009002,193.0340878030528,187.0485416962398,50.75404129265258,65.24882121105907,46.858663165051006,52.380080116240315,49.25366080621755,55.1712898317709,45.64317598846388,52.14079697794934,49.21391301125473,50.29576644264316,65.68384202518818,41.044546487420426,71.70628950462579,39.02396074667016,85.41711193582286,45.628623261985936,107.11580060875934,36.36638314496432,110.28608973722281,60.42593708275759,117.5172511568721,54.10276034659864,130.39868699541745,48.90439475918212,129.07024061309625,39.78740491906637,160.89605991736704,60.250402189389305,164.38446165760112,44.87445447850524,204.64577941420657,24.7100271644434,206.56295861664768,25.498336760334947
0,32.66339554401659,172.83575037406192,27.94260400570698,176.55986687751232,27.544329684713613,179.5545746736012,30.99770478432223,190.39072249242378,31.070668617390698,188.02420970710975,55.48863224953598,198.2977918648621,54.317628279976226,210.62863820815977,85.88882214090098,207.14866459320194,87.40712063949302,190.97934062846963,107.57774409892397,179.36815354042528,101.21380927992163,170.84296842234758,112.55986534734691,193.9273843567401,114.87593865246507,189.630956182836,155.36527628928238,187.62442312794602,156.26541985932346,182.0684402078019,193.1776146740647,185.93236404039058,193.01354430773245,187.07828167365298,50.75554470986313,65.25670091937687,46.84599714989988,52.38950905067792,49.235699849099106,55.16294191289245,45.643783058438984,52.14711368924849,49.21931514384584,50.282685465832465,65.68000102783583,41.05538418480964,71.71339019633228,39.01440098869355,85.38688830263126,45.656588170538306,107.14199634812634,36.359443300492536,110.28303205596735,60.40131746980659,117.50201978150362,54.088372511487776,130.41191954050007,48.931537545073574,129.07198795768787,39.78098423748096,160.8996174779738,60.32557890326156,164.38363436586368,44.874323999238705,204.6529440080157,24.71431129107337,206.58068732741458,25.48521860209738
0,32.66339554401659,172.83575037406192,27.94260400570698,176.55986687751232,27.544329684713613,179.5545746736012,30.99770478432223,190.39072249242378,31.070668617390698,188.02420970710975,55.48863224953598,198.2977918648621,54.317628279976226,210.62863820815977,85.88882214090098,207.14866459320194,87.40712063949302,190.97934062846963,107.57774409892397,179.36815354042528,101.21380927992163,170.84296842234758,112.55986534734691,193.9273843567401,114.87593865246507,189.630956182836,155.36527628928238,187.62442312794602,156.26541985932346,182.0684402078019,193.1776146740647,185.93236404039058,193.01354430773245,187.07828167365298,50.75554470986313,65.25670091937687,46.84599714989988,52.38950905067792,49.235699849099106,55.16294191289245,45.643783058438984,52.14711368924849,49.21931514384584,50.282685465832465,65.68000102783583,41.05538418480964,71.71339019633228,39.01440098869355,85.38688830263126,45.656588170538306,107.14199634812634,36.359443300492536,110.28303205596735,60.40131746980659,117.50201978150362,54.088372511487776,130.41191954050007,48.931537545073574,129.07198795768787,39.78098423748096,160.8996174779738,60.32557890326156,164.38363436586368,44.874323999238705,204.6529440080157,24.71431129107337,206.58068732741458,25.48521860209738
0,32.652756187486354,172.8900022071427,27.999292041944422,176.624781517567,27.579154956414833,179.5687728145805,31.039122966505726,190.40123244242054,31.104854868065498,187.86298759745364,55.44030302059576,198.3298746164409,54.25505231774372,210.59682330056344,85.78289925237621,207.36334877489017,87.38914147371091,190.8371574750085,107.55223135622393,179.60884991721,101.13430819304094,170.9489458171164,112.35656321270866,194.1200970693248,114.66092250658119,189.4395585910908,155.38585276633316,187.91081633904167,156.28543427271873,182.01015591126753,193.18540523363197,185.94110701192957,193.03991182694526,187.07626526978996,50.752628575200625,65.24713978431036,46.855585900893125,52.38042025744173,49.251487791168024,55.17127606087206,45.64432931834867,52.14068818784848,49.21521304112784,50.295258296475865,65.68480811504104,41.04389099263551,71.7061988048672,39.02383405440081,85.42333448895756,45.62748630215024,107.11511623785363,36.364572271766505,110.29085010030995,60.42342595935362,117.51575667221354,54.097362842797246,130.40017392176279,48.91229650093807,129.05232397517804,39.78733881875193,160.90041968985375,60.26140031775004,164.3828132582007,44.873142800390475,204.64163951992248,24.716616539539636,206.55520516152708,25.500066385229594
0,32.668746829773326,172.85313613385085,27.93790342200617,176.55870736782975,27.537764259006668,179.5727102588321,30.988187493744846,190.38925899014927,31.058195339226575,188.06280058548163,55.50763865879604,198.27725876614267,54.308591972967115,210.68237638671368,85.89635434358017,207.08153696970325,87.41560725099552,190.99437294164633,107.57382614420068,179.33100826215943,101.2244348940642,170.85061540247494,112.6209694998605,193.94649423306413,114.93351925678135,189.5531561127342,155.35617676729,187.65471721190139,156.25704730963855,182.00793741946399,193.1904693034865,185.9101012307084,193.03142590256212,187.11308727620548,50.755225886469304,65.25619552738934,46.845123821163774,52.389387866768104,49.23496669271718,55.16318841198173,45.64400499799977,52.14658901800259,49.218968835676684,50.28349037486983,65.68007523672921,41.05551156562394,71.71284531066136,39.01402297752032,85.390468194618,45.6565096764149,107.14271095228492,36.35828379080998,110.28539162392943,60.404986725803234,117.5028776500536,54.09075831971228,130.41068409984896,48.93283510801703,129.06613851037827,39.780333562510634,160.90087868560175,60.31407331727847,164.38522848283282,44.874613876659346,204.65323088035822,24.715200891138608,206.57917944392804,25.485796979848775
0,32.668746829773326,172.85313613385085,27.93790342200617,176.55870736782975,27.537764259006668,179.5727102588321,30.988187493744846,190.38925899014927,31.058195339226575,188.06280058548163,55.50763865879604,198.27725876614267,54.308591972967115,210.68237638671368,85.89635434358017,207.08153696970325,87.41560725099552,190.99437294164633,107.57382614420068,179.33100826215943,101.2244348940642,170.85061540247494,112.6209694998605,193.94649423306413,114.93351925678135,189.5531561127342,155.35617676729,187.65471721190139,156.25704730963855,182.00793741946399,193.1904693034865,185.9101012307084,193.03142590256212,187.11308727620548,50.755225886469304,65.25619552738934,46.845123821163774,52.389387866768104,49.23496669271718,55.16318841198173,45.64400499799977,52.14658901800259,49.218968835676684,50.28349037486983,65.68007523672921,41.05551156562394,71.71284531066136,39.01402297752032,85.390468194618,45.6565096764149,107.14271095228492,36.35828379080998,110.28539162392943,60.404986725803234,117.5028776500536,54.09075831971228,130.41068409984896,48.93283510801703,129.06613851037827,39.780333562510634,160.90087868560175,60.31407331727847,164.38522848283282,44.874613876659346,204.65323088035822,24.715200891138608,206.57917944392804,25.485796979848775
0,32.651166193233514,172.88605959880402,27.995242847418933,176.62712050473542,27.575733445445945,179.57155315905686,31.03626454987141,190.41299829839176,31.099114672737834,187.88651517812642,55.44394887604329,198.3225064970151,54.22831169270581,210.55493911173335,85.78243819527005,207.35492098479844,87.3735871522323,190.8335260889837,107.55178610286357,179.5880331379744,101.13143740825772,170.95448516117585,112.39143314716979,194.12739013735188,114.6872529213473,189.41104319085719,155.38422429339485,187.91638460198874,156.28222611231834,182.02411615996934,193.18469750066723,185.95044987824943,193.04124758702628,187.09562078452208,50.752628575200625,65.24713978431036,46.85558796225127,52.380434028340574,49.25150290779445,55.17128845468102,45.644355085325536,52.14068130239906,49.21521304112784,50.295258296475865,65.68480811504104,41.04389099263551,71.7061988048672,39.02383405440081,85.42333448895756,45.62748630215024,107.11511623785363,36.364572271766505,110.29082811248969,60.423410811364896,117.51575667221354,54.097362842797246,130.40017392176279,48.91229650093807,129.05232397517804,39.78733881875193,160.90042346901035,60.26145608989035,164.3828132582007,44.873142800390475,204.64163951992248,24.716616539539636,206.55520516152708,25.500066385229594
0,32.66866025273104,172.85029795159937,27.938400896439642,176.56008032644436,27.536671052067916,179.57949965623405,30.98864992508977,190.4035246085329,31.05288184503591,188.0925636291504,55.51551373404746,198.2604816800826,54.28580709421857,210.63920875011144,85.90202307849198,207.05731120445915,87.40248052229792,190.99763664467207,107.5769841448861,179.30407410538544,101.22212479869772,170.85677168280256,112.64019784868134,193.96248913206995,114.94214947623496,189.57707340984425,155.352519230813,187.65585572096322,156.25323276638244,182.0150077432023,193.1882925092804,185.91732811235292,193.02984552798065,187.11826410135293,50.755225886469304,65.25619552738934,46.84512588252192,52.38939062094787,49.234974251030394,55.16319529743115,45.644007059357925,52.14658626382282,49.218968835676684,50.28349037486983,65.68007523672921,41.05551156562394,71.71284531066136,39.01402297752032,85.390468194618,45.6565096764149,107.14271095228492,36.35828379080998,110.28539299816819,60.40498259453358,117.5028776500536,54.09075831971228,130.41068409984896,48.93283510801703,129.06613851037827,39.780333562510634,160.9008804034002,60.31408226836272,164.38522848283282,44.874613876659346,204.65323088035822,24.715200891138608,206.57917944392804,25.485796979848775
0,32.66866025273104,172.85029795159937,27.938400896439642,176.56008032644436,27.536671052067916,179.57949965623405,30.98864992508977,190.4035246085329,31.05288184503591,188.0925636291504,55.51551373404746,198.2604816800826,54.28580709421857,210.63920875011144,85.90202307849198,207.05731120445915,87.40248052229792,190.99763664467207,107.5769841448861,179.30407410538544,101.22212479869772,170.85677168280256,112.64019784868134,193.96248913206995,114.94214947623496,189.57707340984425,155.352519230813,187.65585572096322,156.25323276638244,182.0150077432023,193.1882925092804,185.91732811235292,193.02984552798065,187.11826410135293,50.755225886469304,65.25619552738934,46.84512588252192,52.38939062094787,49.234974251030394,55.16319529743115,45.644007059357925,52.14658626382282,49.218968835676684,50.28349037486983,65.68007523672921,41.05551156562394,71.71284531066136,39.01402297752032,85.390468194618,45.6565096764149,107.14271095228492,36.35828379080998,110.28539299816819,60.40498259453358,117.5028776500536,54.09075831971228,130.41068409984896,48.93283510801703,129.06613851037827,39.780333562510634,160.9008804034002,60.31408226836272,164.38522848283282,44.874613876659346,204.65323088035822,24.715200891138608,206.57917944392804,25.485796979848775
0,32.65287849473657,172.89629413082392,27.997113873499522,176.63031259908715,27.57264724873608,179.57883486609242,31.037503426119407,190.41712612531987,31.096083102018937,187.88609791989148,55.444655234769264,198.30834794736995,54.246538221465876,210.58505055914281,85.78147141829781,207.3439634805893,87.37396987772877,190.82965371222912,107.55236603162304,179.592512122823,101.13144702792908,170.957922377527,112.37991152935147,194.13536348778183,114.68040371533507,189.4202862181604,155.37914922963017,187.9296645682877,156.2772355642378,182.01705513158774,193.17671729615017,185.95547092010372,193.03385143398498,187.08396561215034,50.752628575200625,65.24713978431036,46.85558796225127,52.380434028340574,49.25150290779445,55.17128845468102,45.644355085325536,52.14068130239906,49.21521304112784,50.295258296475865,65.68480811504104,41.04389099263551,71.7061988048672,39.02383405440081,85.42333448895756,45.62748630215024,107.11511623785363,36.364572271766505,110.29082811248969,60.423410811364896,117.51575667221354,54.097362842797246,130.40017392176279,48.91229650093807,129.05232397517804,39.78733881875193,160.90042346901035,60.26145608989035,164.3828132582007,44.873142800390475,204.64163951992248,24.716616539539636,206.55520516152708,25.500066385229594
0,32.201005426252856,173.40811299684137,27.715438902007868,177.73460992836854,26.879518319360958,178.97697428944693,31.427712339792194,190.66126040700064,30.967343040134597,185.41537385758522,55.887683702551804,198.47291087708533,52.52434013793187,186.90167488794603,85.84042420002244,210.5120868287146,80.44811329338121,178.3120209626637,106.4463374451821,180.15746737911493,101.81703344783428,166.5713154725514,112.34166371600229,193.48759693129924,111.69767619067838,185.31789564641184,155.1144667204863,187.59735212286478,156.22671717294256,181.65031888178274,193.86496630366545,187.40868082481796,193.5695379505987,187.70197187914394,55.0785161130917,66.48895399798002,50.01830752591909,59.63391554108299,51.8322387955944,61.628867786454954,48.2362850497228,58.279465703054086,48.946172820855374,56.1040609763371,75.12228530978564,60.618507955084205,73.27804211207798,42.186060703641644,106.13670358598603,55.856986952025856,109.36050419777817,34.50611992990328,117.16741600392028,61.1531252326807,126.16684170835508,46.721241879265335,131.9748302957286,57.752578030978,132.71539004545033,44.08225305446451,170.13739136879488,78.34499971698429,169.69612604934977,39.204847699873675,202.43407542068766,79.25229401014653,206.99187777501456,26.372644242409354
0,32.16201689820853,173.80316014903215,27.312409027763035,177.77193319550193,26.367628808347337,179.5784244933069,30.82242612661042,189.97715348128955,30.594600014064625,184.79183599266273,54.932591195432295,200.3184254594858,52.87003677083839,181.6592272762441,85.46535871043709,213.71295875137773,80.29351830334397,174.9508509576568,108.73337583364167,189.6132440527445,101.73639586549368,166.25612920547422,111.89282634095376,196.22046761097255,111.5608157519228,182.50480263856437,154.35256469916112,188.16050235859092,156.26963121402338,182.0161283500956,193.5528340783919,188.11726931021914,193.16871098109655,188.87126423610195,57.020127219443,70.34367207076045,50.914919645889945,69.06023518623653,54.490276644688954,69.72472245416206,49.47982271561712,61.939124760291385,50.36630703943857,53.768255574079966,72.73704107059456,57.86246222974848,74.66489158061721,47.09810451650026,109.02520368114021,56.080666973383096,111.7988435259517,36.09979024863342,120.26308207778457,66.29499742895736,127.94632630910934,44.439091642862536,134.10831330577778,58.457643231910296,134.8090850640528,47.3756674829855,174.79148319789343,67.25442851727433,173.7988286225692,43.42062867034026,205.06390959579753,71.09930805744472,210.1542043922851,28.877969753692753
0,31.63207195116126,174.35955816878322,27.008384467652128,177.75499292429058,25.79039991272162,180.00812783379772,30.40096083931301,189.70355016463031,29.689020642582676,185.11382869862916,54.06717051630435,200.54255992050489,52.414502043161335,181.58832849209733,85.76724392434825,214.16667957226764,80.52835372071829,174.23860010170839,107.97346302293103,186.59695037271968,100.87343438663838,165.56751678593426,112.43916870496288,194.82239363104475,111.59717261272928,183.10987252318512,154.7709633726511,187.14778770351805,155.91003690447127,182.56846946304765,193.73195373345607,188.08316017087563,193.16688599201464,189.18569241519785,59.284764828889266,74.85268290112127,51.90910031336435,71.76181463977608,52.214567480620396,70.35621830635546,50.48245495150549,67.0453907483841,51.316632999396475,57.09007730127865,65.35476921508031,54.235271509257586,75.1532001850768,50.70260010715342,107.94933139019132,63.24251830231599,109.94131247005107,39.21162780191889,113.74677252325212,76.29956817626953,125.86345101587521,54.36822058649973,134.49038122899785,61.24019931460812,134.21206008721583,49.4031739610854,174.66955936029092,71.71777237896107,174.86723879701603,41.49241502057467,206.4659967096696,71.80928361663184,209.6306716433223,29.1570194608443
0,31.131552204582263,174.9107659367605,25.986979443094004,178.99264075251534,25.188112975647734,180.63787723477944,29.586403485410703,191.62902891388572,29.341325179390285,185.67838072578937,53.27609546732459,202.93000378351488,52.13594247095333,178.91264422404817,85.66033433238913,214.6367960253197,76.58101777260349,177.65889339526166,108.11677138997902,187.79855631594836,99.29815479539197,163.63718172920196,110.75602854853092,197.74883839302538,110.9379860066479,182.95984340010835,155.93265446965,188.09556361946326,154.7399117606027,182.97972083190663,192.46454966290398,187.61041089410108,192.30381182558048,189.69469891939914,59.51486324523547,78.44121492156349,52.938983703992385,76.92829233383242,52.79218339623872,75.64428133192894,56.40920456596043,71.08739175440365,52.303361170040155,60.613359704551854,73.79525301915518,65.12426687375144,75.79634598915622,55.64466103676444,101.32120191680718,75.92473808066974,107.28241262969023,44.63847463457416,113.98360273408593,76.73127896953915,124.06654725163621,58.83882997441589,133.10129896602277,62.609118924596004,131.8671889216263,52.238307335564706,173.18138039630392,81.76159001583875,173.80102534323746,45.96716669486271,203.33536201382276,110.78007285723548,210.10116203971532,28.219871236080944
0,32.667842580664974,174.97123946193838,27.124645410857585,178.9044842779389,25.073628064268124,177.58080689046392,30.754274190582844,192.50844333379595,30.62949399770417,186.1059561181365,54.44146024810602,202.57064425994747,52.1672668693969,179.66621328488424,86.92092183509969,215.94270137929323,77.95628996665434,178.19357608462764,105.86231895115066,183.21557622133943,99.7514096609554,163.81082794379395,112.78723315126408,196.49654314824653,111.7820379600762,183.54952223963758,155.99619995733227,186.72564407008318,153.843641482525,181.82723981611957,191.85056864104658,188.0178847332713,191.94547082178343,189.42040086089327,57.0947676238066,76.8611151350979,53.76137490598312,76.55835366150156,54.26706660015983,78.3015766302085,55.21471485588121,73.87394139776586,51.95058583324741,64.15655000773702,72.94337752442922,76.17185479476738,74.72658322020348,57.52193544316589,100.90528717988767,80.36320894486677,106.59525820335246,44.066735833512304,106.32259686393027,78.38249512035323,117.74992300708843,60.32236477547167,129.12084420719503,71.32783577946707,131.41855699527338,53.782829316325206,164.74448953948408,103.5682834292843,174.61208044964334,47.407572417833,194.90525817871094,109.75881817924531,208.3726678812726,28.8237774797495
0,32.52749020120372,174.88720117466085,27.08121809159747,178.071032987096,26.296529130165624,181.071046710509,30.826394928168067,192.29864093574744,30.565510127855386,186.74271860755826,54.41659958170067,202.16416829453465,52.08620808287437,179.51951878496226,86.57198474718177,216.19220803288502,79.51641651414197,177.2432849140088,108.3479375898468,188.88582937153544,99.7177360013405,160.64658187830597,112.41127715495803,196.43876940778676,111.838620867048,182.9914961553708,156.90074933685872,187.58144656256522,155.6383265382755,181.11877664589784,192.1873629552237,187.25241193533932,192.4096309590784,190.84373858756544,60.46055595919213,85.84042146294938,55.03314218461884,85.02735247948358,60.638583781556314,85.20644921583754,54.614407509750464,81.0164473680045,55.390896388462615,70.63801892268707,74.029489611987,76.90396741811665,79.32786064858763,58.12743566837548,100.11378061993523,84.11586563616868,104.762915569803,49.045431141042116,103.05613713234848,83.71181989012912,108.05479528296809,66.64227780860489,130.98947224113513,74.397829768074,130.63816527846438,54.46391318546786,163.0746643824607,102.6447546234764,173.85566988642913,48.70535707275897,192.70981280403848,111.32679957472932,205.65813335868884,29.708523303146677
0,32.32891132520593,175.38845638417604,27.099257380325604,180.17278130717298,25.62152056960586,178.14440089340528,31.339223731378592,193.96660731936885,30.91684663665961,184.32591802846346,55.825249286912246,203.98067103579825,53.11503949372665,177.93288883826546,87.81148627381887,210.65301321552008,79.6399550822951,175.71977181652275,106.55683036472487,184.9476120991331,100.28354308323831,164.8168933203606,113.17113224764049,196.62374907212634,112.69328194375365,180.683272658542,154.71915731963165,188.8926087850357,155.36783306050745,184.49355023332652,192.18567539001845,188.82642412383527,192.2867630194433,191.0487934682379,56.83527355312561,88.66862394404114,56.93991427688125,86.59025241329462,57.928521719038116,86.1925867246889,52.967429072220135,85.01780649240581,56.9151484329508,73.51081450054754,72.6541864975639,81.19092259070685,74.76406489544034,65.64853394377775,101.48277048146502,85.22186573709195,100.79532677786692,57.35409710516079,98.01590551056478,96.23178542995848,98.77382086522832,78.5534821743787,132.52219715473817,80.07854243234975,127.94986085121677,60.658118568515384,168.75357553233272,110.3771459967269,170.4659244466272,53.21458901211434,205.73900902789572,116.55113432318343,201.9452415134596,29.01895105195738
0,33.03028156446374,174.87521223012837,27.567236870712374,180.2755896738456,26.159000467809832,177.89906613361785,31.60028099865647,193.89292543656597,31.726539872447898,183.81939011391762,55.95764276255732,203.7500408417951,53.836617914045824,178.98576081145353,87.58757708531729,212.17257045017732,81.20643130000335,175.41491441212253,103.41490552440193,188.96707354343778,102.12107621660884,164.42736898715071,114.07117893384851,196.73474182825365,112.58051740752985,180.09362549208012,151.742909330759,190.71315190801977,155.41454000058383,184.05678552018162,192.53840125421561,189.75367933487001,192.3838749761167,189.43442376718482,55.642603335173234,88.53674004582449,55.097769885329726,87.898295355041,55.53078083962387,84.09505574238251,51.74233369057223,88.43356020915557,49.993399104716616,76.87774349545047,75.96785304857337,87.93014227997712,70.47581878804272,63.778678609127816,97.76057091707028,97.8766136050719,97.57831937185726,53.384423441906684,94.24833562507393,102.03823604029738,95.44391596539421,67.47766597637002,133.19559373322483,84.30499240669472,129.1150909565991,60.09684014221445,157.956960737335,112.74241871260014,171.65471587566117,57.14198601592131,196.63831137426152,114.03472289405917,201.68548839877113,30.407141657785754
0,33.734636650322386,175.898960129354,28.105509017565236,180.78086874000263,27.49819202304627,181.11570676827333,31.74012765825165,195.92459296388745,31.554852100632946,186.67493411218476,55.419282664423406,205.96309279604077,54.71896509206073,184.72399107747057,86.15871988616375,213.5385258741893,82.22287188701749,178.19665938887854,109.13311440604075,190.84893710187856,104.58538590899165,172.85839592866384,113.28574650924399,200.47237309182827,113.37833172342052,194.12747413983485,151.91624893757128,189.81757733831762,152.3582446649208,181.30945264254368,192.36824850710283,190.04707349880107,192.28680974356138,190.01026560755685,56.83505367492297,92.96474364981117,57.219860456004646,88.4722385327351,57.546061450650235,89.18253908513492,52.67002044109084,84.2076982521912,52.10743045214541,77.68335209446823,73.49693773399969,85.80211908490826,72.35845409417004,69.49038610245677,80.15608618126153,99.75061914436056,79.5544485720048,62.2796942366604,83.14137666121773,105.33147075858848,82.07655599842901,78.95438884402706,133.21105666782546,83.44844525285777,131.191961513543,65.23234639622858,168.89024082918345,111.09183499031542,170.27126696094965,60.440371738924526,207.89421943996265,117.03278252692638,201.99042648410204,30.633262570962867
0,34.62019679857337,175.81297739115988,27.570169152680393,180.65784882509857,27.39468710763114,180.23718160415586,31.518205962566118,195.71562577085376,31.78407787536242,187.15724504043453,54.81503468862972,206.69408989051564,54.7329417874354,182.68669951506175,86.07028624730081,214.2968737811963,85.85420850196981,183.38341886275043,108.50938178589625,191.63514250442694,100.99291963754975,174.53816397259345,112.50141897260772,201.1340709781251,112.9634627822023,195.0071605349972,152.540209681351,191.3697091177786,153.04072324385555,182.4323420623526,193.071605895617,190.15639722198867,192.96497183853054,191.17026450129464,56.65326593529364,94.7220401328629,48.86657416302225,95.22007518981997,53.12848161022115,94.15914620799147,56.82620907422179,88.51574045790676,50.39976975340281,80.37013157571499,71.57321028383623,84.81014409203748,70.16076767962912,73.60617659794345,96.27154645268222,99.19635492538515,99.21078894005059,65.97541790087688,82.58739833950256,113.13077544572442,86.11644555322873,83.47506853159038,134.02750085155415,86.12192066873257,131.49049221062512,69.65231345426987,168.47163808123665,110.83046333028074,167.50651706671863,61.193042248611135,199.31335371029303,110.00022547868278,200.03858554437295,30.321993436061494
0,37.45330270328877,176.7247403409966,30.211008060052528,183.36510890351292,29.897079704711157,183.44613738871215,29.72561868229268,195.8788990558925,31.14135533682308,191.6165504138994,58.84751228664233,206.2719706143581,57.889483718398196,187.9758731636269,92.88767863208463,204.5551660822635,90.68224529005727,184.08248055426412,102.84076918134038,179.87260394274446,102.44526189010337,177.79440454823347,114.8388045737462,203.66584177927356,113.86913500069092,192.8769470784674,154.3465695825423,190.6782330398243,154.58188460924612,182.34577647086496,194.5037468383031,192.77939334252068,193.91270186145854,191.13168808236657,55.96288685769028,97.27677528492148,52.26422903404473,94.61692755054142,52.91217505413553,95.95628138498647,49.46923558016001,89.25739769124391,49.231222922757546,85.27225345595744,73.28029552009535,92.90886680763292,70.09407106245527,84.22835597754514,94.9582031261847,100.87567954637203,96.84348710575459,73.48766217686823,90.63248977305726,119.40765321502052,94.33562933288006,95.35508043439556,129.7209330493619,92.0290896106063,130.18012737487413,73.8903356528381,164.13416674122308,111.3590992179649,165.11735418568486,64.11577816326094,197.53943546366247,118.2545907230298,199.16221493075355,30.800431643284206
0,37.692581034595186,178.01388995380321,29.605789184570312,183.95226551685096,29.92819796733975,183.34491629026738,33.940139628345186,197.7283892967889,31.31699541933048,193.5307976180587,58.7210809458857,205.6640782118833,58.21924330432963,189.15786796981368,94.98852415854887,199.63652635313167,91.50181517986037,186.67759757615718,104.00056279816243,180.34163111769806,104.61099347416659,177.17558855238792,115.88825368881226,204.5511618491525,114.98674685244235,193.7604480126092,154.25108060185215,191.2648788388834,154.23657001471668,183.53053888344667,193.7258493648553,194.12413125414076,193.1421936698582,192.2537361002562,49.78980941061648,101.7995787893588,46.19139263163442,101.95018009328248,47.54006932240836,96.9182351298352,48.556395933494805,98.11180988485883,47.983895621684766,87.91161078140449,66.1926559898424,89.3782838053723,68.41925089107538,83.29774273282759,79.70217580380647,106.94377723472248,81.91941866667375,73.45946695003272,73.54842358938656,116.34681093544386,98.22936052120991,80.85621745161001,131.1147574667605,95.72291353629338,127.03014056282755,77.48856410742795,165.78289011842716,116.07704793516531,165.0009547879237,64.47019393414382,197.44537706552825,117.58812569582611,199.1118222823054,30.225915251925773
0,36.259075472813954,178.56343075447558,30.68648367935086,185.86355326878083,31.191109651364155,185.69019693160948,30.93413799593908,199.08285634844134,33.35081107571999,193.7568269547585,58.69754710700941,207.37686727897756,57.84605639913808,191.44512613383566,91.58317561179214,202.88915241209799,88.84460908877924,183.2255988536534,103.3560881051958,182.8125426363648,100.40640140320204,175.11895163128486,115.07024510602774,206.43877923340224,113.57821234708987,194.06449431106756,155.2006335525039,190.86614108580275,153.44130078902157,182.21853370983075,191.3873800905595,194.481618968283,190.42404008948284,188.89841149753553,44.993743514422306,103.90729679408409,42.537021080159256,101.51355515476084,40.3358983815827,98.42691696926765,45.12949382592432,103.25027343939944,45.256533954454504,92.1806305632057,62.63291068699049,99.30480763922094,68.19202532087054,94.99454246615967,65.66958807714238,116.632459054844,75.82313333831219,94.13531067559333,45.521636207651646,110.23879390732381,58.267466029765444,105.39254331786603,130.0965715965129,97.0213901788862,124.63339531939963,79.9419034427627,165.13975221622064,114.4482690971422,166.64364491338316,79.93856124561357,196.81602655730634,118.63942778654612,200.06842026799362,39.21048068604529
0,34.83353087620706,179.30930670267318,29.96831474541137,185.5338767024986,30.51417200313592,186.40759672663518,33.15217173321647,201.18757573994364,32.61584482133759,196.40787990459268,57.903658991274625,206.54011919191763,55.72753129094284,195.01497138882078,91.69544404782124,199.4314776693637,83.46713652521927,193.87717841373933,105.27956887950069,178.59882265304628,104.14012567745233,170.94498530660923,114.00978902556142,206.86911810087466,111.29319099757983,205.34550413155458,154.45680277095818,186.7722239632824,154.1470308007661,190.24832898848285,194.52457754952567,191.42314089383328,195.04727063860213,196.73884073629418,44.39511402793553,107.90580671951484,40.38754845850216,108.24043818430287,38.52988478856057,105.92706075644593,43.333242137980015,107.48120033295817,44.473337416323076,100.41157615629963,58.658341449239984,103.17406872792857,61.254670824323384,89.1802844447219,77.93332506262738,123.40527422893096,81.03478269399324,97.43990156561507,72.23940825610428,128.97601111795893,68.74755709067635,105.64056684565247,121.97186724739785,96.0066518902284,120.90149431643279,89.6057275855195,157.6255025922882,105.17507190625203,159.37157738727072,91.31259279923815,195.25456493685707,113.26477128341485,199.85339518955777,42.69246072096448
0,34.09489609143749,179.5689322127346,28.835427349398596,185.46361912582918,29.750271151524895,188.4880029076857,33.338054704369966,202.9139479482817,32.99787357875279,195.7835954848167,58.054477573181536,206.9381973189437,55.10537079994723,198.44967248528823,92.71521991232167,199.65711935526107,82.91445204930277,193.1383992982603,103.17491671165324,179.8847836142259,104.08503519378094,170.1663897027613,112.49152170501141,208.14306124166828,111.40432843510409,207.49631639981172,151.21940269233278,185.29691542382062,151.0533891523847,187.46583694046464,193.13087406513856,191.08415782501095,192.10740012411748,196.28019888470283,44.24739985140214,109.9337616125083,40.16878132790512,116.68061537168828,38.40962377986553,113.99066049330462,42.045782942209186,112.20396176413382,39.30492178401592,104.74041551771995,58.38155876775706,101.79347139572207,62.167102150295094,104.12714024302376,63.04878282250825,102.874689387088,81.21677313384062,101.65082898278453,67.77933514932668,119.68432881921159,57.804478805257666,120.68081550281572,120.50940132141113,92.63821743484354,119.26464745420847,91.91286193335205,156.51424915005703,97.1242391697104,157.53916191906663,106.63744909832586,200.16988993579557,112.77140404475675,196.9130938512198,118.45781476270113
0,32.24349826315175,179.87151191046624,28.9959350017287,189.2209342109712,28.04545650126771,189.84502859234314,30.16777519557787,196.33695289010328,33.61008389395957,197.35363356404284,59.068245265794836,208.79919917059144,56.817166583138224,208.26643192718632,93.11187469292872,205.11898558367338,81.95109006040585,198.17238235473633,104.85854609708609,181.36766774031136,103.61390079474597,171.62125624660635,110.7313509994412,206.17017475302288,110.86257053162001,206.34060890545985,147.77557477299473,187.1024668147455,151.68549294797532,189.26568894366505,189.8743267177795,195.13402356349582,191.46995122684456,195.8250417590636,43.413421068132294,115.91869753129255,40.114657621205964,118.37088975075369,37.81587223977036,116.374318908359,40.35290699123596,111.92343099681173,37.087424686976846,104.6884448340325,57.91906420784708,97.88872717623889,61.226732550200474,107.33473442995697,65.63736492654552,98.2480033858683,76.0565828358905,122.54676472200892,55.31703036764394,101.07078013281604,67.06730897678352,120.9105244236863,122.45077846361244,90.06361393117311,121.49719143506164,93.69494160181259,154.22822494980713,65.07931005311704,158.57881202460817,102.72089185754292,194.8958123485494,30.454711850748023,200.69319043840682,122.14186380315124
0,32.22697441622337,185.42530852828284,24.9052535821192,193.70092812217618,23.868736740965282,192.78792166017396,29.357491037119992,201.17193475303807,28.94405061709955,204.72648811340332,54.739034475006676,211.27332628020608,56.85335235121828,210.2441478270218,90.16495587959054,209.86734539443526,82.3450087316288,198.02855495595338,105.5865257215796,185.06136178920872,104.13253575674496,173.6872140005911,111.47700642650912,210.46843480074554,111.45890220499928,205.27646768934005,148.31450861581365,188.43253269432986,147.354793856603,188.90218231391114,194.36799128751576,191.11600715985438,195.61037047012994,193.778596680194,40.267815844612834,124.61077595944226,39.849165685428595,114.53065151990202,38.185723180356234,112.60206192459803,40.7905697437547,106.40711704428266,41.930350664979926,116.72482116192703,59.40924131500055,102.23981308046713,58.24914193005296,109.91471370522906,62.75204481989701,92.98410036949696,65.61146739699086,129.32391979486616,54.367699356552976,89.11328144785774,49.83822143744238,125.65024953660134,120.14170827924835,84.55065284823975,117.45790070480442,88.32759589674068,152.6361391055658,66.09310778938388,155.50584098863305,106.95627432542223,194.03252517510646,31.15502953430429,196.55958192244822,110.00968608618771
0,32.3740385778202,197.04239197093915,28.26149542435356,192.71822920676584,27.593980931347204,201.5933559306924,31.170693960249054,202.78618808999596,29.526555387129697,211.01205859045766,54.441157228458,213.8983797730252,55.17689511790779,206.86662763381895,88.05478906335298,211.83266438686007,80.58829526723542,196.03146133581137,109.42899625790045,190.13819760207812,100.2344298510818,180.58271548955767,108.84684810283022,206.27428687954344,109.22778708890358,205.60264485505607,152.55000869087553,192.29272702323945,150.14969180089346,201.20695828006475,194.33706816679202,194.5450325803638,188.59132984706335,206.04689164181468,39.888814535200225,127.48341024565003,38.34893258610127,111.94536080894628,38.17934946095721,109.90784064961667,38.71710626827264,109.78678377634262,40.306223756778316,118.55410605149645,53.00931861830054,94.15027310145841,62.37638428492576,107.19282394029293,67.83810799166282,83.27480798935,68.6751387015633,133.99940848449452,58.16098107758516,85.98179351046866,45.46564847490062,134.2011349389167,118.8725056737106,84.48307216216914,114.10674844173171,91.37478871958879,155.67807811239493,62.47118615906268,154.839307702106,98.7236206244631,195.2927653389688,30.769953889965517,200.3929233906432,117.35410166380316
0,34.373771738561786,205.40774618441634,28.029423601138667,198.34732647654425,27.117025256897353,213.73375556281,31.665485192529903,203.95141407266198,29.618012351278935,219.06521551045145,58.1110989588388,211.07426174053018,55.45573709618231,216.038183972054,91.65547706177516,206.95296187420604,85.70057135635281,206.73943539476988,109.48407849613925,190.26595711609139,108.60262663468072,198.43626100690534,112.3091670918909,203.3763093196505,111.87570057744566,207.86103677292087,152.47430943554232,183.02821935558714,150.22882871450105,200.76152340900848,199.82786183327622,188.9849268252424,191.68426994655445,202.12382679064737,41.8744249876982,124.93859771475258,37.62044792886106,116.0654925587761,38.19742001361728,113.98701774628825,41.26319553541101,110.89456893002838,40.89426533479868,121.27823909585406,53.32240456527805,98.58022287772404,64.39238980690145,123.19229626160934,67.76898893510334,85.11213714947839,63.24629116650694,135.6638329929336,56.30369051346868,86.88785943945413,42.361074198847234,127.11223219242333,117.30666916414818,85.41089473423621,119.38219124930247,97.05356106421759,154.1839036882294,64.39867993509127,153.08284366204873,100.78023000376848,194.7845127508507,30.640996307752932,199.91039792647274,120.52026265884336
0,32.91402921025057,218.28439384080562,26.74389950533091,207.61793689015494,25.564161045951135,212.90984406214037,30.765824667415263,209.84542900892708,29.0767897137944,226.50023533991262,53.823225270146914,207.04061975617626,53.1964542080897,223.59228145235306,83.16773730923671,201.20267828470443,80.55159484673732,213.35838289379578,110.2115359099015,189.48820360270773,107.4560896121197,202.0766435599426,109.93619858404125,203.73226364420657,108.2426750230493,216.59638253682877,149.1209050528011,181.78605381186077,149.93211269971007,208.98755055344452,200.1258132887183,190.99725243659435,184.01277455483904,232.4754576969938,46.69480649284694,130.67902443913502,41.00016589194351,121.21563245844544,40.50131790682396,124.3550324657646,42.23274194231685,120.24844577203648,44.9204398149289,125.5548509463235,56.22732406521436,99.13613616183585,59.85903790870809,125.69342818992266,89.8469585750414,80.91075365375187,63.916938580341224,140.94670232400856,81.47451779857185,81.6242597271298,55.96129342784052,141.88341951963812,117.04506735475908,86.96808318775224,115.16214455358731,98.78549051878363,153.35763301020083,65.75694086937489,152.10468043451723,100.51605183454964,195.67873816164385,30.981053506684994,201.74408456553584,123.00829639672243
0,32.635998719967674,221.49295061356793,25.375483044926426,214.1037851230732,24.129240619469876,224.3215483194565,30.233854779545567,210.89999376985543,30.622877725162862,236.92967239949712,52.74814591496628,212.2655591331577,56.89317229371634,226.31410924824442,82.60924942300927,200.33867418914414,86.20431094436172,228.42322293356742,110.29646249143234,187.37503301058567,103.27251308749182,204.93897067263907,111.17203020605241,206.28201751788126,112.29750667595715,216.9523492551938,148.22363707737892,183.04207632254762,149.3104799164008,218.27424813108325,199.8457970234178,192.596318882036,190.93532837103612,232.47886599445738,51.084955239147874,134.0975316471084,47.043974882327255,129.98644393509355,42.175141411538455,131.1636602393819,46.75156208150876,131.6455363515007,49.373528095505996,129.67262787245122,60.9088415773759,99.67911994902424,64.30617178448979,122.14224525704918,91.70137685130102,84.9588360608366,85.64938027518137,117.04052590334564,110.58793509820974,79.03754579377866,82.90222407275846,118.15382320356566,116.39836983058764,88.91255476069153,114.81641938375391,97.63156941125007,152.68387535047827,64.70258370474662,152.11670845932102,96.49041323839876,196.59345690804238,32.00545414651578,200.6139202236389,121.84301257628128
0,30.65445223506193,247.49589855146607,23.859399389776385,237.19868415420976,24.718976376219565,236.04307576729548,27.963113145058202,218.59144976920606,28.94504213036958,231.79121590254218,52.13482040500049,204.3490962863463,54.69397868280826,232.94675663991586,85.27841826255278,196.89981634686103,85.10550810535503,234.90105822472157,106.4565466649784,192.29429621716258,96.03497365394735,236.57962062645748,110.9183333616079,200.1626759050298,106.65293088166611,223.98886819103447,149.56675620701003,186.30374538651145,148.90106326748867,222.51066548201058,198.9104351493883,191.6699890754035,189.0079038750311,229.63380397404873,52.81782050754713,141.73324442503363,45.97818950392445,132.42228596635874,46.35379687303342,134.54086645609115,46.92661540700782,131.26624448467587,51.27717104609709,133.78014272476133,65.20145261065561,106.28645092026326,63.403497210200534,118.9613562856967,87.90772971159183,88.21416224879347,79.40738441040797,117.25625323062121,110.89087985020987,97.53926927321184,101.75835139114665,103.97679507781855,116.07357648588857,86.00864951739173,112.5629711269592,95.43024509873133,152.3444005835871,65.74236919276447,151.64882482208822,94.43722317327602,198.01980268585015,31.776694729120404,201.21159452829303,120.71365565383088
0,38.229020634052915,253.5964292025665,27.209884975267496,251.7405632937103,27.072311306592102,249.10280408107394,29.176967597155837,239.93811391300184,30.607605809750766,237.18606037124064,47.56377897795683,215.92928370400583,45.40256898299508,246.06734199840497,75.44783422813653,186.9475602114349,82.7297000766541,239.71885916998772,95.18907266225874,194.49796158248458,93.44871083549832,243.06529500177786,108.57721833412693,203.04284252863206,108.52110679105202,231.64303961087063,148.89148894600248,192.82430850618607,149.94717573082966,226.95077095190024,197.7083060460061,190.9917757501246,189.19807481469576,227.56016730866492,51.09203256879534,138.42260191351545,47.08101611403945,136.3061855205362,45.9739895833205,139.37742095567378,45.281381565591566,131.79583813837453,44.58141854683065,130.33423555936062,66.3074956266036,107.75205463393596,62.508073463203004,116.5842884506922,88.35397149317014,90.16149954578194,80.49632296354875,118.82391858397678,112.68557761766897,101.02486382480478,100.83621519100592,104.31848275117359,116.16106327424139,86.14622768227984,114.3822186393027,96.61935911534732,154.95699613583014,65.126866130908,153.73455509635974,98.7846222636116,198.9056445530483,32.80774395891245,202.5060807222165,121.87098953437014
0,31.177732124091676,250.6898519745506,29.61032279826099,248.6000533519444,27.197723305743676,249.7251017044194,27.049167751525502,229.51132775144458,29.963665008544922,252.74434614379376,49.19247076378106,210.06269919328176,50.69789814208605,254.49678941782085,65.31228908989,186.4297007406401,74.50729559667363,248.05257198919398,58.1211899941012,163.51536900571767,76.92532848571399,259.9566547346313,105.06589055505599,206.6929318439911,107.77938203041599,235.78553172859412,149.93705721079192,199.12904394315981,148.30030723240066,228.6711128836351,199.08178966830238,195.03703512294658,191.78019937076925,227.91304521441953,55.969007717156266,139.17561669567314,54.01978813787425,140.76475019177954,49.350044072784996,143.88333273131818,49.94246294483635,130.07538879362875,45.087533506547445,134.99483859588497,59.03074160273771,110.87586495094774,61.58572631741163,129.6743630057054,64.43390349867921,102.40837921047606,79.89524329523123,123.44425206956032,94.13239625373983,100.3554976134874,100.18219847116411,102.95826841488913,114.9001505922827,90.13308846010706,111.35163496740117,97.55955002020998,152.73369975119644,66.7768950581056,151.02589200890583,95.19982594375294,196.8729756989094,32.06553382398676,201.02823259815668,118.08010069661121
0,31.761604948813872,250.5723751907032,24.621437546629345,246.10388032430436,24.450750306526327,249.9436166058932,26.998460058840166,234.2103040861391,28.905564373324378,261.24526521674824,47.561142157323616,215.51395270636468,50.330345615837146,256.9210194829094,65.69637920545496,189.80210642201277,77.16812555538202,254.9514748041066,68.9838430385412,175.2495458848249,97.61095273272592,253.66752727743994,102.71981967902332,211.44922265966898,104.64606336036825,231.1961517808843,144.71850505378677,198.20272377615646,148.81184081557376,228.85737530720183,198.2519507793166,193.0403195139778,193.73756200186216,230.2084832923541,57.845951956991826,154.66952351613656,52.170801411504335,153.494522949472,53.486429581731,153.87444276928406,51.310341734323444,166.53581237397253,46.164241345402615,138.59344454523932,58.8519476422612,116.20843823272658,63.202558766240664,119.81090162601708,63.53814546810174,104.80339810066698,83.25336543965784,120.43163659661637,92.84544715822113,101.5876942314053,80.20918951567656,122.09064707617542,115.26780720638193,92.24389530971831,114.97173958535521,94.06619608352787,153.30162316079466,67.96313242002147,152.1006827739455,95.33765336191011,197.38894188922384,32.55028874250863,201.08879255211872,118.74175658166655
0,32.345988990357206,260.436568493665,25.252530589607193,248.41046663339702,24.994746759071113,259.0179882682705,25.996365837428883,233.37238069589702,27.628144850642045,254.89320453667543,47.83243063221807,216.01554392581164,57.375001018832194,254.5559436908896,64.05670656476703,187.05565574258193,81.89472978011422,260.5928358339175,70.27927576088757,181.21387434203595,99.54325371499388,257.7996179770632,107.1221317267566,211.15897204767123,114.56180141283119,235.78858817959227,146.6028090293363,198.01645033587064,152.29238083643943,232.14436767704754,195.77824885208415,192.7503518939513,188.38544483066346,234.79175963342436,56.766445491624914,149.45963444056846,57.53062325234739,153.81199587430203,54.017387342749174,148.45142562359695,51.10178176216457,161.81634211768994,45.8331666022354,137.5835852860415,63.575058208489274,120.82166494472392,65.19629543612463,122.26182898841952,64.58650000199027,124.41219133559105,86.15277286790173,120.76481660866638,85.76130996135451,121.02712537836732,104.67286651327004,102.38860764246263,119.23660027166332,89.6228453291897,115.77893759004819,95.33206650824962,154.23437604252598,68.43938174287314,152.89945493425643,97.46537979410891,196.29192006365855,32.16024318077752,200.86937609370452,117.56088823500511
0,33.77247494051915,269.2241804669012,25.911674594286808,256.7653852597312,26.653599306663374,252.6754723703218,27.648803094899435,240.4239388303638,28.475157257933056,259.5289891428967,46.43084726274384,218.7386221193179,50.78333250484111,255.31968669179068,65.27443877510403,192.37357528180007,77.12000383649554,261.23081541259256,72.40663731024132,197.05551839171602,89.47741700995783,266.6097581079887,106.37187431761937,210.24675104331178,108.5517578125,242.17654460099723,146.70051053444053,195.51233494232304,149.05010976850616,237.15024639462038,196.65460709755465,192.3526083997671,191.42918168535886,237.70011149996049,53.20556747246973,144.63710009309762,55.700089117014635,143.71147673357572,53.56698951958129,139.39961275915883,53.98586780240077,128.59628684491042,43.77634550177533,137.88778306438715,58.292475113957565,115.61106626980038,62.97263831381472,120.85337243930927,67.10396782655894,125.75112412480398,69.05740313019072,129.85406084179382,72.47156425144361,135.96735169383004,73.95788730597644,140.14840813791108,120.04555657191307,88.64221617987542,117.17809590049413,92.1126246791163,156.88393896114752,68.13324760401397,154.95147581870512,99.5257754820511,198.04657354414093,33.63110600071824,200.85733638787121,118.71346564708409
0,33.46707236248514,267.8929545612256,27.294535334806266,263.63537960131634,28.443912565337946,257.4490029742609,23.617272132672138,259.2125621178338,29.81318723785211,260.63173931169314,47.030342433763586,222.1351461529237,49.11553709847587,246.59579955294913,66.14766203838846,195.9171553014225,79.22081225851308,264.0517826634324,69.27516104345736,202.80219813699048,95.95728243952213,276.1711432023662,107.26662468762132,212.70677942062315,108.57012451361426,243.30971055406752,146.56738802512982,197.9405189767418,149.33480943952287,242.11449981626137,191.41428150153308,190.97480174021106,191.86674755404457,237.3698715748134,53.05454962594169,145.2746748073467,61.14415866543788,148.46945310727193,54.250851269834534,137.13974078166535,54.65758884027138,144.04952200418685,46.414356912885395,137.8768104121893,60.031887599400115,111.74858189420581,66.21437342862906,122.8118228516638,76.06795947151895,103.78114021269612,66.12415465360843,133.4657352020137,98.72442041716961,94.9167071081296,55.472938442822574,146.44936484024237,118.36574379109449,82.01582835027291,117.98846612065476,95.02959749411745,156.88665205203228,67.77329016523242,154.77636000828713,103.04098745005754,198.411494403152,33.395064532014835,200.69118404980773,118.8326940892643
0,34.48543413529485,281.57227692663423,25.446419188694925,270.93267116309204,27.6334013139239,270.2807223846309,26.83859417601402,264.2095999183496,28.245347088168128,270.1898440918982,44.54367387664985,219.87365816045104,54.28304487429791,255.73880055534394,58.82063080213085,189.82651671730136,81.44138215343405,269.96827721496834,59.39456513209373,204.83249236142487,97.060988218888,283.6836497279124,108.49008609937586,217.02035064222406,109.56502803067984,242.5550921507396,145.21536795100812,206.9087954170971,149.7564052795031,239.26967448317657,188.90974852757424,190.80257392819985,190.5797385932496,236.91051983338667,51.978663592605116,143.78343622120585,56.47628665710828,143.76585491465335,54.679321052124784,134.74754286010236,53.895029245696456,128.20938999919971,46.052517795044444,136.46551223810283,60.322676522391184,110.49018132142506,65.49880043171947,122.90666303199356,72.50225478225613,104.18913063270917,65.5955330984933,135.84279890574854,92.97821236545255,118.06723643932105,62.67855396626159,165.35475846444916,118.66087805706522,82.16407483049449,117.69182723501454,94.012778766917,156.98976324804082,67.56052547470662,154.0678121199519,103.63431764341489,198.2025874357046,33.40149278759462,200.26853966564866,118.26223185052515
0,33.18615734503136,285.16644296606546,25.07979564785217,273.59914338836035,26.04124641418457,272.59912343638564,26.959054449330207,266.3206539233196,28.442801836854922,277.7121920763704,45.11826509274311,221.43292051133278,53.82101618132977,256.82890766191287,61.66297708831219,197.6923067876412,83.95131107590954,283.2350413532178,67.6679681280385,202.03441785282118,98.86245720430931,290.31506049286776,106.87153104225301,217.7309641383001,112.15927749539014,243.28642947248403,143.7954305921282,212.1851660028038,144.62554192394944,239.31790430219343,188.66734380307406,191.84480168512746,191.74737086799576,237.05171285922103,50.462257420794565,136.92676694561337,52.61188876702919,143.1470781658695,46.4160498891558,141.08808091270478,51.01102978250255,127.69470678622297,45.010682639127936,133.83975763439636,61.723616748122694,110.23342463386504,62.52434445019835,118.58936574943827,62.522958530402335,128.42447904531392,64.60312210699045,134.91531234361324,57.51704714757315,140.2119079902459,62.37852466180458,166.22398310776074,118.95388809346265,84.98200008977993,117.15866880239167,94.33102217353726,154.8357016995827,66.32764926293085,153.16369493851752,102.8519130089471,198.86408482427183,33.2969124505134,201.05732798132098,119.3068343989582
0,33.16991521705012,285.2380158357106,24.897398433329897,274.2321647549071,27.225074779913292,279.06138074249645,25.945771863001475,263.8848132691443,26.904570692074227,274.55116022474044,42.28876278563316,227.93842842371137,59.398307184254904,274.2769835222806,64.89869819072463,201.22863367484317,85.61591000290392,288.16114387670495,69.98070761579905,203.9664518941982,103.64716905392476,294.7890864407868,107.81683415951936,216.88556865834596,104.06585837891383,243.23595155423112,145.26895433034957,219.77490566776007,146.36096842984975,251.95901381623202,183.2837361223209,198.49410635603908,189.47791792591167,238.7627133017259,47.91804381779262,135.97413059092162,48.72058328190205,143.16804608071988,45.519598898680314,138.74161170293186,48.01281596118619,127.76888924119878,44.341358960785485,129.62872005003615,59.16042507953526,110.19822346224329,62.51306950823861,116.0316092621736,69.0160730388594,130.3228373863885,71.06686788760358,134.04292314774762,60.139922692909,142.27684790266994,61.72530912316364,158.7982737830071,118.30768838728437,85.5336836423122,117.16829895232776,93.39167473622872,152.59406609861009,82.42699847082874,151.97938077938483,102.82709371796287,195.79338677921652,46.02217041902028,199.87558708427858,119.21374312278147
0,31.29648009590481,284.6713571192318,25.82765088762556,275.7226091044572,25.68146160078345,287.86829607318543,20.586371398120193,267.4643229409372,22.64624605711943,277.5976135503207,40.79666208776628,230.29780986299158,52.463202316568506,268.7776170706848,67.27229833306734,214.37253109943816,89.2849742818323,287.41670285616675,68.13575909004449,181.69448972836568,108.9787612820264,296.15191518221656,105.24979324814696,224.22693398186775,104.40693413396801,250.8517385300759,141.84792743706555,224.9660208769359,145.0231518004992,238.82007942357993,181.13035774230957,209.72864249138416,190.38309395831564,237.62551178674974,45.483728346617326,133.40999198058827,46.74216349080483,129.1278841643907,45.923676629984605,131.92421114593125,46.184855571074515,120.78671991182065,44.059822787409246,125.53629466013295,61.02360082116927,110.24919093595005,63.76965866325805,114.15195386736225,73.18557164683845,130.0112115852071,85.73766412201876,121.7720890045166,65.4384795953028,154.4825890727063,71.77036579203161,162.20812804669265,120.58799438002687,87.74083476640376,119.4200597727521,92.37366651536517,156.57318200531955,88.19067598081723,157.0845032686032,104.51086289655123,194.98088391227012,46.533727637959714,197.42173741026696,118.24507055638736
0,33.50558815239379,282.86403646904404,26.241164829420008,274.9954299056184,27.51916565510057,282.5720934135785,22.447858157365218,268.5464098760201,25.182492339092754,280.04644016210466,41.29315634543851,240.99547106794301,51.59475556367673,277.96697436130887,69.15160080420304,221.8111272313288,96.18661437419631,289.6246557908434,89.64324021783675,220.54778221731857,112.90811823613896,307.2279317468034,103.6639155275333,229.28966447822285,101.67714899667303,249.06133095357427,141.16267839277754,228.05249553300533,142.53202899198354,241.4101128320971,181.1739654304078,215.46340249089283,187.83175303773112,238.3087590641006,45.409654128625526,130.45382893036015,47.87441603145244,122.2613187766174,47.75677449362619,124.27964230296028,43.97049039639301,114.62596671017374,44.0769423668429,122.43410912984635,58.3886251034944,104.05825614137768,61.477307124167496,112.4916737109299,74.53336731099193,128.8006586890003,82.85131952036983,121.78296388333268,66.20404705497789,156.62457251647695,66.37873015196428,157.31516243709072,120.38131883277657,79.26316200351319,119.02339159331707,89.87428214639054,156.1226845498411,91.97134685466892,156.56599473657076,104.47732938077934,196.0481960699425,46.38047956727847,197.6736271307335,116.33349628369344
0,30.950951120127804,286.08356830391153,26.1276664496949,275.2472776120134,22.35977834203969,284.6659547956158,21.32462345739329,269.85018211776287,23.757485069843554,281.80280452744097,42.516241902890414,244.44954644199228,45.303042145249265,277.47122062588136,71.19749735601201,224.72757638638444,82.41857173279946,288.8900719796968,98.38051579161461,234.9366900812046,110.88326656744347,292.5572396195281,103.34074060665155,237.19301880642587,101.96964747268962,252.8818081167229,140.6651053576736,238.96595662065562,139.5676080454951,243.71904501380763,180.1081549721475,229.2316234101893,179.51313535323055,238.9232131277377,46.47364200272175,130.38344724346493,46.4302762235914,124.78757226714454,47.09181943443251,123.01024497890867,43.698182923453196,120.17158763141553,44.521454325373874,117.38577455900517,58.93524437661497,105.9245930113733,61.82781771547306,110.07035860085388,78.3095648392387,129.90745474787667,82.06709092892476,124.6706717954137,74.0864500910599,160.49825475225805,73.8059995663092,154.48375822201803,118.62196786063059,79.23633284984288,119.04631767509888,85.73016338427531,153.55425016035946,85.47047865934886,152.69030472654734,97.8249610291477,196.56932115258638,46.85286546445981,200.34450208770562,116.46990805344957
0,31.902401207396704,297.7339952239357,30.813001597149775,288.61887478333784,31.4181256501571,294.6613427633072,30.211813363969696,285.37642025452925,23.059926289856804,288.0338594587017,42.23321674181068,250.5548355411197,47.052033418454,277.3942468097101,70.54727044312851,228.5617843406329,84.54731705470115,285.6877527355653,94.83506291549399,238.0492795255669,112.58712199904164,296.2997237478549,102.08876855032786,243.49916094071637,100.9736995341615,257.0604364070655,142.98137139977877,245.23517966369374,141.8481916344684,252.18696350477543,181.23693682984538,237.18356233019057,181.0135687478581,241.03314962426657,46.25658646503591,125.80858182313531,43.02215003967285,122.38553848108315,42.73152739957253,124.19660791420837,44.47332917089048,109.23229199326384,42.791100993659924,112.23512461966993,60.9586934628694,101.94934488826767,63.874551559827346,108.40999513048354,79.8726171410602,125.82477502308446,86.11585944039481,124.5738341462068,84.33340854526307,162.63941331918804,96.04668526027514,149.77389599178835,118.2530768258231,86.77645217927164,119.70007878653011,90.13569701262034,155.94433137644893,83.30247992202949,155.2431992240574,104.69870346512538,196.71393779494008,45.46935696423795,197.55781796852256,118.10787659957695
0,30.583599232738806,301.05433107114925,29.223486953640577,294.0000042974701,21.665670954662822,297.0100408253333,16.98264341176667,288.9041086568872,17.841023865693845,284.9891040849488,40.61793031159395,269.915686152288,45.17270246944072,263.09471758767285,76.50797423368655,244.72196580562354,83.53706947468824,280.8793617897509,94.74534951677974,241.5309882737789,112.28730845007097,294.13899053676494,107.04346480280716,260.44799833970444,100.34142602008322,262.7045212345994,147.347140033793,249.70607376494348,140.2320222558442,248.9116385289742,187.02258304335317,238.97234494062874,187.9207628261969,239.154520161419,46.630624045496404,121.52083000404706,43.1058294995231,118.78113515545223,43.270617733830996,119.8482414182291,43.66730996244443,105.64370867622344,42.31406011640655,109.1916196435319,60.894753568661145,96.9709490977877,64.72764256874227,104.3828782283419,86.37795219658325,107.51898079393315,91.72977158741922,121.32828323079343,100.15086170457165,160.66248373767647,100.75017547607422,161.0836515307921,122.65596880231585,75.07573014967669,121.30011254067747,89.19635646076124,160.42990064917146,86.25178368754406,160.40537048718946,108.27897879889397,198.87465340750558,46.0736928599504,199.43405378827399,117.15486980770633
0,29.45014908595115,307.6003278360327,24.02141741640079,300.2302625391988,20.723428009459692,301.00406079223046,17.40488342616869,293.4935071953105,17.458173313496275,288.19882518720823,38.463311852875705,270.9731121617234,43.18554565477075,270.4301834581304,75.10577451812554,254.5855132534296,83.23120377818991,280.939647686432,101.00036801166416,278.1432212101473,111.6678249761925,294.3691029449716,106.53054392559929,261.0887052448953,105.52369277669777,262.602394183147,145.3088697824419,270.2110409479418,146.66165049772084,260.3850315932911,184.0732217782773,243.05586537879532,186.12472311458234,242.64736681261496,50.80326927374609,116.44161135230321,46.49507226855118,116.51997886950544,46.8692487544895,116.64012789627328,45.90241722068431,107.21948164627265,44.56750094372293,104.14184343171812,64.70886084752054,90.12300265379466,65.96436091831752,97.37228163248275,86.915892464774,104.63040669231493,93.94381513654815,119.59640472855311,111.66498030194585,143.73323199956744,112.20892874202373,145.69138358341706,125.33068819223725,74.96843109289145,122.88470947076075,81.25110279573938,164.4471125158464,95.34753914591683,164.25208604706,101.59830815168831,199.56253480615084,110.08664337728034,199.58721544727777,111.52629307790416
0,22.621059438456662,306.74407537943097,11.477084236855832,304.4645667887327,10.779954898431434,302.73197323257,9.219186581439853,296.440753588538,8.820934935386136,289.5101273564382,34.3582902517378,266.75984024902596,38.80742811120075,277.33204983502503,70.56226991570514,255.21969567888505,74.81361650976335,283.1900621548728,90.89635031563895,265.8937987489819,105.17196873256138,296.52948086687144,98.67701536379987,259.87220848447555,103.96361845028326,269.3141333552317,140.7989864467834,283.0390718230568,140.20535790105785,275.3602168846922,177.65737500398055,275.48815197766567,182.30368469072425,240.64654816433602,49.64080344964258,114.62275542263173,46.42399045547344,111.47182745161888,46.19508192591045,111.106101297244,45.88036412407893,108.85801204507281,48.39524238894445,96.23323825978639,64.48475960915134,92.45328449473341,65.67378946861125,90.46778568093707,94.80085261564078,99.89452021745231,97.63795858584577,101.67421334610935,118.22294286171102,128.08625062174818,118.64141711833315,129.22433691697498,123.0863419052977,75.65703662698199,123.91590663364956,78.96225409290108,167.34251678656346,91.6378239902718,166.3359762156232,105.70366234997002,201.91771104469063,45.56794282905294,199.37120091693004,112.321405497824
0,32.09529210913996,312.87116140151915,22.055902800945024,308.0876406990146,23.229537503689713,309.8809319017339,16.3532207560095,303.76393994849747,21.413836976756222,295.6074324326891,38.85691719765989,288.68795374320257,44.146397596560654,279.70534584235355,74.6984384667059,274.6105790712032,78.54261786893288,273.583422185969,103.97058171811311,295.3990498143113,105.09302970933618,291.20923869342727,103.40850981718265,276.40850917333387,101.68216221969321,265.7689311237256,139.24002482432016,282.2803655284074,140.5001060059352,267.1694466840182,176.98645377307204,290.9679918249613,183.63177634766384,243.5280474666738,50.78002539924953,111.4104756873673,46.76899275424318,104.27880052906843,47.41783456328493,104.40765689517453,46.29615586662885,102.59497144707011,49.903814540886735,92.62221164822084,69.54432810167349,83.98617406504778,67.3495877544332,85.08753268451612,90.36524138835647,101.43777320988445,101.92778609850392,97.124285646494,109.51867907980214,116.23854787270558,121.62140544156851,107.83056252823826,125.9677371860291,78.0604041245963,126.59051608446963,77.83976816042825,167.5056856522649,95.59893792100962,166.24039378669693,98.49534594270698,196.9840464858535,111.71569802058683,196.3320519583566,106.55183266604095
0,33.3636210423819,317.33570333140517,23.606820574458343,312.6943561427326,24.3532793299752,303.3013795876404,21.321784280101706,310.13369950417166,22.37221047893074,299.274762052718,37.47272619401446,287.4724385035978,39.711416114191096,285.3784913977152,62.22518778735807,279.63963627716316,75.78955999812725,275.60183556742686,94.14653356327034,285.672132405008,104.09757099980894,288.94841652391364,103.47267302519046,280.9360558917414,104.00430141472668,269.6276072110378,137.251104603643,306.04364098750705,139.48705008311302,269.0854455465103,179.64163423621136,309.94451627296036,182.64895342003484,240.63892597182658,52.69408542325038,103.7293058609072,50.05671475096519,98.1368818718368,54.03213567319124,92.76683930836278,48.303482576927045,77.87808637500304,50.01158852902999,89.67767467934067,67.98338392506476,72.00285907602904,71.78969308604366,86.28365023601104,104.30101605527891,81.13725877500669,102.65607355248115,96.29965668199468,110.80068993420335,95.82224784946045,125.08674363319919,97.14761010640885,127.18541030409914,69.06281731583765,126.82891490296548,80.43350800636892,168.53726141793388,63.894730449217484,163.79977803200669,95.43972705112948,205.11834267799898,29.65560036180425,197.52746996672258,111.55047477627195
0,20.325030694096725,317.5731508088804,15.792522406726151,314.3122171109148,16.31451738250922,305.4117133746009,12.42388115166137,318.44433952663945,17.764346152358915,302.80259091824416,37.79791918452482,311.666300706349,39.026107290516734,289.6366777855331,71.348273508297,327.2218002817937,75.53701957560475,278.2922373975461,101.17774100925612,324.2021130219535,106.11558840733878,285.1669986218338,100.73639873244008,295.6333589039403,104.51490669961302,281.7827768207091,142.70507760373704,312.3961301146701,143.31182257136945,274.90475266800877,184.6485117088934,319.6766693780036,187.1596839738929,265.0370106044152,54.62543508873223,101.29705596860514,52.912514491110855,90.34024959975753,52.51530314380338,97.1978101967776,50.4189183963752,69.9920186561173,52.53016553606306,86.2099786813823,71.33057262586512,69.529632798369,75.19510484778363,84.51642596771113,109.61860960018561,76.04533121892526,107.91388152697071,89.84727620880633,134.26391767418903,85.86524350811337,134.98276960479546,87.96119634541239,129.0507181771794,65.28236298937026,129.44158260274378,67.18239466679047,167.92972282741383,64.5281367123869,168.01318928025523,70.72216789356406,208.43972188641567,29.172736187693488,200.57021599526732,44.215395440699155
0,25.453827194545582,322.8857859378039,18.89383917861844,317.25607035466743,18.250008316513917,310.6889132266223,16.732122433111535,317.6577406206566,22.78348922137148,307.1300846907113,43.431027299869136,316.21742785125355,35.87489190901289,290.290473241529,73.20723308539539,323.22756518763623,73.16047529848467,281.57207208451393,93.26806113734749,322.57723388731233,101.30421151581758,282.9962601641896,105.19039177746507,302.9791130129232,101.539699696606,286.9365088593416,142.3518542651064,308.7932367680973,138.92269290900379,269.404635702426,183.85969736857444,321.52382321377513,185.420900202686,260.8394450903928,56.984440987154564,92.9657431588628,54.64953305262216,83.83085898245024,55.08903178813295,89.02995270614308,52.8266740408003,69.475450207089,57.407863877574854,82.85498285887152,74.45467358938656,68.4356243531239,76.59036465757382,75.6876093995027,110.04036347762398,75.9880855924361,108.43107559962303,70.6166179991362,128.24532905720775,85.10182481188002,127.47795000727874,75.88550823259156,129.94566506332492,69.45649459710754,131.00016519297725,64.79669712588995,168.24655220079126,65.63797407427269,168.83868694897765,65.96684172935011,207.59682289783998,30.62618983731725,208.33383447042905,29.412367729725183
0,19.01820400782994,324.83271837036636,17.806976756694155,319.02303986133876,17.31485979305291,311.24801722799594,14.855345163286103,320.42324970767703,15.87359424851696,303.89012958004264,42.30453080123996,319.0124379905922,37.23506328037807,295.4567030594062,72.86413273307848,325.10474285347334,70.64327871429253,281.3035922307691,95.11474524077421,328.69494597249013,108.58150733331716,280.06135249632524,97.28470535752196,308.9518293246194,100.82371648942463,290.533099954059,136.94371487635263,318.33242274319974,139.889266493898,280.1224016450747,186.00440301362033,327.92965856528383,181.1952187200511,259.2799252237027,59.7022049708396,85.47435241319332,55.661383682156206,83.90746511562236,58.870346637986465,83.55791425902814,56.788090439316655,74.86498616641983,58.9122842824237,77.65210317081436,77.37686417858053,65.10862657539083,78.3870073164472,69.66255504387543,111.21770371857637,62.84520721435547,110.47921735159359,62.17123945718979,131.98853832742444,73.63735253583346,132.76717376708984,63.91192651487485,130.62640179462315,56.55746713218847,133.2437285073796,61.45683070139272,165.85011444328734,70.99737259362249,166.88942476829388,59.70222539624732,199.6354127492964,61.030727418131846,207.98264341620927,29.593649219180538
0,24.0748941143107,327.6569259137039,22.9223723141303,320.9016008139646,22.19955859273117,315.7531406196816,18.680186621150614,322.80169730067746,20.1790820708186,315.4823716982766,48.46771063715775,318.7955545963588,27.87274320377326,296.5062651970574,87.41139177357928,322.1690068660435,72.24663400353853,284.36069459242447,103.05892683704448,326.57566523255156,108.33089015794837,279.19522148543865,100.29834226051473,316.08009893963447,104.07698765156432,293.86581446224227,140.23624116885736,319.64384368643226,138.59466138537627,297.7752920839302,186.5273778216439,326.5267482456824,177.19063335916272,259.91604848521376,61.926717556781654,83.80771698694505,58.331738489755196,81.98736114818526,59.025100352601235,79.12921247047012,61.02872741888769,75.82811732311961,60.04101804176473,71.68852505545398,79.05863559320106,67.13497440448936,82.06890561121591,64.13109725540605,112.73950154440745,73.12339849195045,112.36200932094029,59.11642926164682,129.41299774928123,75.41573949473528,133.50154978592204,55.49487152732754,131.03778497921013,64.94048665470108,131.29553582801583,52.98919451385118,165.4794746896495,85.45075666657127,172.0530410434889,53.11372062081618,197.81522731899474,111.36767022540461,205.237181006011,28.038844508254183
0,23.157023529828706,330.0963167056008,24.253527288851533,322.70802566718265,23.103652422842774,318.2990802986493,21.7829822457355,324.1830624465626,20.94661091277318,314.5005410380383,49.732197198808564,319.1345521246249,48.93428702976393,296.5283234228237,87.82474183740084,324.0831275500697,76.18099061006345,281.35281080032286,95.18781385954863,335.3039528621183,106.07052849242406,279.728032709652,106.7787314468289,317.563790728937,99.2472516172421,296.3812288782903,141.29911350463487,322.9410337941775,141.1629350318672,294.80160453210726,178.64300859344672,325.0004186551106,170.29998167997562,260.59635016730215,61.28751581796208,72.87237979366571,58.74417708971486,76.4876414730341,59.701084966244906,75.52670264343008,58.717340267963294,71.36684529316376,58.91329159943954,65.11493158142596,77.52177009819458,63.48740619643595,77.21396397655795,56.94438188006769,111.4588355544191,70.72673879916242,112.11788782866105,51.32469357692354,129.85959236666284,71.20833329639989,138.55551005298307,55.30304290644855,131.85195411066093,61.99695289580159,132.04635942352485,49.78636505791755,167.29434490796203,66.54358642427754,169.32891433431496,45.18158649112179,201.83726516865795,70.07205925146079,207.11536412209458,28.166434640211683
0,22.875628903045417,330.1367039977267,24.128059976589608,322.7726410914259,22.909276656112315,318.49075399691634,21.947122698244844,324.23082405501873,20.976237439220736,314.8117399413556,49.683632975039274,319.87472072379717,48.93700286912622,296.56099694596287,87.82727112385057,324.1481220613377,76.0626865173719,281.47772696799757,95.47599069820428,335.2757170111312,106.68302671065243,279.41212553602037,108.87629254264121,324.3186665531016,99.20169147941637,296.34477042360425,141.3162763725897,323.2410132880033,141.20973129746338,295.0696234050133,178.69929466484496,324.68826861302387,170.66388697653824,260.26475793988874,61.47270411141911,73.28633438996754,58.811575255779005,76.58647934529792,59.76106224296996,75.4451802993711,58.77772294512447,71.6559987087962,58.98225914617503,65.27203550378317,77.44139499545838,63.96749140316025,77.17036419033263,56.907165337400315,111.45398620937182,71.43518544430555,110.58845249910533,52.95012922801418,130.00431345116277,71.00111845024394,138.37077663255775,55.12509948287267,131.76201980306496,62.27184344723017,131.95704970744828,49.92792370111616,167.14726288126124,67.02477295863677,169.2039809138138,44.89929408156525,201.72170440010404,70.86039604487755,206.97568649386767,28.25359341316698
0,23.152400590618207,330.2332627862321,24.23962067965395,322.87172752841377,23.07275541265559,318.4393021318428,22.055238871840956,324.3027968832071,21.222075699279028,314.94891186472785,49.99063447987811,319.5965354848205,49.03270588750425,296.6060401789875,88.63025635665988,323.96560463371117,76.91761969335332,281.49968569901966,95.66909391983695,335.74305725097656,106.83345088603335,279.3556001275407,107.3038473188507,317.7158627648571,99.63537924630302,296.2609345685397,141.1458577102756,323.562288885171,141.25827765612868,294.9533002782165,178.62783424898706,324.8166950688817,170.23008102511767,260.1416461042349,61.349478869704726,73.04672488137399,58.71456911549065,76.66333473173908,59.60891133657894,75.38981577766387,58.675085174371,71.69575494948265,58.795308391499965,65.2712533167289,77.41771480015346,64.15901431008493,77.147435703633,56.747566128172814,111.61415648608475,71.28577670022165,110.41166217875036,53.00087499024957,130.02373144493342,71.04577058974144,138.0636562560656,55.09945118377812,131.7363181025345,62.2240198697292,132.0096727454144,49.75486688099461,166.378435727232,82.1997331959578,169.3697732013205,44.41084856215354,196.9201457574501,105.63250811564971,207.08162656037703,28.11099575565069
0,23.855887179048906,330.31741399488016,24.67585087414854,322.9053663915618,23.46383695720886,318.558887240303,22.613528824741056,324.23917223210157,21.90598898348601,315.061583981969,49.897178685443,319.439601633064,49.35860729809874,296.607200377215,88.30669149552814,323.9994106411439,77.29748814742759,281.5831339032818,96.06376017694889,335.7928431815626,107.09733771093144,279.3471675176343,107.4889380413553,317.58037226823353,100.20928952708748,296.48636969095446,141.93561349003951,323.24235689738975,141.76577235156705,294.7542787725995,178.81818280901228,324.676711300102,170.5277548843289,260.2945361315462,61.513688034152395,73.43470893954834,58.76378197995773,76.80748918936955,59.69987701036916,75.42809267954213,58.706475536275356,71.90775879784738,58.88662037345934,65.27782960947124,77.35614409357865,64.20144658068898,77.20293021350174,56.81332492432654,111.6386512614185,71.36056369765666,110.6458283418454,52.809885017110105,130.184768866308,70.98392686012869,138.24559997179495,54.974331551073,131.78519359138443,62.135013042149204,132.08925697374048,49.79508272542993,167.38492098506194,66.96813669442142,169.50516870155099,44.46015664254976,201.75885591447724,70.97062262262051,207.2717607391547,27.85107003999449
0,23.66869661970909,330.3607730469763,24.796537209741818,323.09011831966177,23.621381750758392,318.5377716325625,22.70727323078961,324.5523575875769,21.721111267990207,315.0206637560579,49.91437934496388,319.60172504804933,49.422417670303254,296.63069835045525,88.17924974571845,324.2060278302901,77.12619478213861,281.4862218912212,95.89318072869911,336.09025741513835,107.17925883227994,279.3495918843756,109.06063018230178,324.52945236546367,100.17013677751056,296.3607253870034,141.4747192311731,323.23256380874585,141.52038209334665,294.0546334531792,178.84050319505775,324.8510340100997,170.6702304626844,260.1742115258181,61.352746809491464,72.92416250458396,58.707172962449356,76.64890351829688,59.58948441025633,75.33860042777793,58.677048961568325,71.60192417603805,58.76498856159471,65.14374030180491,77.48631954785459,64.64680846598138,77.25692405463747,56.655641935672996,111.88031939393986,71.69811046172968,112.43751790064462,50.704282910992,130.2877900496773,71.10265954995056,138.2949241496021,54.78817103215768,131.81458787148043,62.25206705940215,132.11698086661582,49.79127713753475,166.57508998183732,82.26517044162354,169.5180892944336,44.49125684049614,196.9602996399684,105.64317505389329,207.26038753912317,27.820311360339407
0,23.64613161916318,330.1872073921425,24.65763808777614,322.6918631074834,23.457466673406756,318.2249570585385,22.481331178120204,324.31700027434164,21.62521963534148,314.98614699810867,49.82777619213792,319.6150318676011,49.35777966280161,296.5035736748786,87.80629680467689,324.18163233871775,76.91553497314453,281.41096978167775,95.65920558479262,335.93865772104857,107.04249871295431,279.3825325629523,109.03260670537534,324.29070267736665,100.23096883074838,296.4220031326737,141.685371481854,323.00124928713836,141.64116187717605,294.0513346343614,178.97237789556848,324.8496543381719,170.73255906193893,260.2770608609148,61.47653136638381,73.4779729724425,58.79726943021976,76.9137860689915,59.734998430524556,75.3828043245181,58.77415748264479,72.07861451192515,58.96236223019428,65.3639190721314,77.39872969159428,64.78536023341768,77.29318471873029,56.71137896019393,111.79264467843572,71.88518536832817,112.45819263576722,50.885758570121034,130.31155476066638,71.15382394751077,138.29616096449195,54.88822900605894,131.79960248485116,62.310947291583936,132.12412896955976,49.72509075497196,166.56605504906696,82.10056069085212,169.40437515922216,44.413489820551575,197.00652765783465,105.75364107313987,207.2999985973287,27.812825499728508
0,23.30480092134535,330.26379837732594,24.528992848366684,322.83601012022166,23.314486749423956,318.2886750074838,22.301864570712453,324.34068200301334,21.259643264438797,314.94284440669776,49.881739800020775,319.6290296420022,49.29141835988679,296.3925148184369,87.83278491334146,324.18062534173987,76.77017899033446,281.3370823682096,95.64442049346356,335.90727246549613,107.10467614594454,279.3092782665585,108.77263646096176,324.45606569630473,100.12790298461914,296.44247908216295,141.35470421121727,323.1780289836939,141.42291077323583,294.0343248201109,178.86769388329168,324.9115132157733,170.71244845183,260.1282029527846,61.35721720819888,73.04753047895629,58.734381515787256,76.67921395519463,59.620621912227655,75.33359608313849,58.71356248559419,71.69181716095856,58.81494626347323,65.19296231408337,77.47516485178693,64.70976488422062,77.24309371569142,56.653194846948644,111.88264460593277,71.71203008627991,112.43604402956755,50.76320858713997,130.22276794244044,71.12262322200284,138.29979170331305,54.82506189306742,131.82046961340106,62.2384572800759,132.13549254991995,49.801267236100195,166.590140644808,82.21832046667075,169.4954665758595,44.54814442361539,197.00327620891312,105.68809848009798,207.29636785850764,27.84437738315693
0,23.337955805825892,330.1399677007525,24.416132716658694,322.63859365589883,23.20112099447606,318.14749609682076,22.207363667695418,324.23689547218225,21.308204739730552,314.97929459884455,49.796839329026504,319.57121390030096,49.250000864822674,296.49861408566045,87.79262690810684,324.14808229786723,76.82658874322169,281.37660450361574,95.64485131731685,335.7897529918623,107.04603600353929,279.381429513955,108.97150255286175,324.263847703261,100.1368884447939,296.4197818866904,141.59702785563024,323.0260035106255,141.5910942361962,294.103434764498,178.98743405549422,324.857600060736,170.73576103826488,260.3201637742925,61.47676498697412,73.5064277807212,58.799310861907394,76.91006448357926,59.738129633554024,75.37806093841172,58.778343413927544,72.08218806017484,58.97032319536861,65.35488949376023,77.39424486337983,64.7829338010416,77.28910460383256,56.714996575319915,111.79286421307866,71.87811814304209,112.45856093175664,50.8901569952114,130.3069964106779,71.14879068398376,138.29494888589988,54.894698574335244,131.79976601926438,62.30804989446743,132.12449863978796,49.72877722459215,166.5626331945384,82.10729534893115,169.4062152649305,44.41363028371977,197.00468617788755,105.75770624247824,207.2996220559067,27.812570738099918
0,23.21192436855032,330.23672479020115,24.46490582472049,322.77578016781706,23.253241737436806,318.25568199949146,22.22087518324763,324.28993624077793,21.17087224995868,314.956335756294,49.88652352516696,319.62910021785876,49.23942781531293,296.41280830351644,87.83803278763102,324.17501008560055,76.73182398636149,281.3223488835378,95.66003253297036,335.88216123145645,107.10474623212163,279.30841276556623,108.76601263010724,324.47686422909936,100.12134855282233,296.41925032999507,141.32396317713008,323.1889968160772,141.39700980808425,294.04926486826537,178.86785054651108,324.91287601835006,170.7073994986019,260.1312297963502,61.356678506602414,73.05299614870697,58.73323402641723,76.6782004170398,59.61984615444397,75.33233191462473,58.712487830878786,71.69488290731343,58.814974435367944,65.19133872510982,77.47351370390898,64.70258611465391,77.24243270684474,56.655742463234546,111.88249412678785,71.70829541851376,112.4362020670257,50.76583056627962,130.2249928350034,71.11934850225805,138.3001380114822,54.82747868581431,131.82117597212704,62.23735147689882,132.1359859016371,49.80415637067739,166.58568227068977,82.22291856979433,169.49705519587357,44.54928465403957,197.0027842314347,105.68973033161085,207.2966152214856,27.84434846426936
0,23.339662610373882,330.14190388912976,24.41931064380622,322.6331087068898,23.209666698245528,318.1503260165329,22.20582383315756,324.2254137270678,21.3134041721036,314.9776930433091,49.796218860223426,319.562425656932,49.2559516622413,296.5053473666496,87.79329650594582,324.14259648817705,76.83315760452555,281.37237305067384,95.65938938922764,335.79550096503925,107.0467451107428,279.38672924437464,108.97095835431023,324.26356367847234,100.14490163104135,296.40994257946727,141.59503520941882,323.025702788622,141.59295014565035,294.1010895804251,178.98667547569514,324.85760513875493,170.73401438079267,260.31965425103533,61.47676498697412,73.5064277807212,58.799310861907394,76.91006448357926,59.738129633554024,75.37806093841172,58.778343413927544,72.08218806017484,58.97032319536861,65.35488949376023,77.39424486337983,64.7829338010416,77.28910460383256,56.714996575319915,111.79286421307866,71.87811814304209,112.45856093175664,50.8901569952114,130.3069964106779,71.14879068398376,138.29494888589988,54.894698574335244,131.79976601926438,62.30804989446743,132.12449863978796,49.72877722459215,166.5626331945384,82.10729534893115,169.4062152649305,44.41363028371977,197.00468617788755,105.75770624247824,207.2996220559067,27.812570738099918
